Texto;Classificação;Título;Link
dia nacional do combate às drogas e ao alcoolismo;Consumo de Álcool;Um panorama através da pandemia do Covid-19;https://healthlake.com.br/artigos/consumo-de-alcool-e-suas-consequencias-um-panorama-atraves-da-pandemia-do-covid-19
abuso de álcool e drogas como problema de saúde pública;Consumo de Álcool;Um panorama através da pandemia do Covid-19;https://healthlake.com.br/artigos/consumo-de-alcool-e-suas-consequencias-um-panorama-atraves-da-pandemia-do-covid-19
dependência de um indivíduo a bebidas alcoólicas é conhecida como alcoolismo;Consumo de Álcool;Um panorama através da pandemia do Covid-19;https://healthlake.com.br/artigos/consumo-de-alcool-e-suas-consequencias-um-panorama-atraves-da-pandemia-do-covid-19
consumo descontrolado e contínuo de bebidas alcoólicas;Consumo de Álcool;Um panorama através da pandemia do Covid-19;https://healthlake.com.br/artigos/consumo-de-alcool-e-suas-consequencias-um-panorama-atraves-da-pandemia-do-covid-19
pessoas morreram devido ao consumo de álcool de origem desconhecida;Consumo de Álcool;Um panorama através da pandemia do Covid-19;https://healthlake.com.br/artigos/consumo-de-alcool-e-suas-consequencias-um-panorama-atraves-da-pandemia-do-covid-19
possível aumento de consumo de álcool devido ao isolamento social;Consumo de Álcool;Um panorama através da pandemia do Covid-19;https://healthlake.com.br/artigos/consumo-de-alcool-e-suas-consequencias-um-panorama-atraves-da-pandemia-do-covid-19
doenças provenientes do consumo de álcool;Consumo de Álcool;Um panorama através da pandemia do Covid-19;https://healthlake.com.br/artigos/consumo-de-alcool-e-suas-consequencias-um-panorama-atraves-da-pandemia-do-covid-19
Doença Alcoólica do Fígado e Transtornos Mentais e Comportamentais;Consumo de Álcool;Um panorama através da pandemia do Covid-19;https://healthlake.com.br/artigos/consumo-de-alcool-e-suas-consequencias-um-panorama-atraves-da-pandemia-do-covid-19
estados com maiores incidências de Doença Alcoólica do Fígado;Consumo de Álcool;Um panorama através da pandemia do Covid-19;https://healthlake.com.br/artigos/consumo-de-alcool-e-suas-consequencias-um-panorama-atraves-da-pandemia-do-covid-19
incidências de Transtornos Mentais e Comportamentais causados pela ingestão de álcool;Consumo de Álcool;Um panorama através da pandemia do Covid-19;https://healthlake.com.br/artigos/consumo-de-alcool-e-suas-consequencias-um-panorama-atraves-da-pandemia-do-covid-19
Quantidade de total de alcoolismo por estado;Consumo de Álcool;Análise Fevereiro – Alcoolismo;https://public.tableau.com/profile/health.lake#!/vizhome/AnliseFevereiro-Alcoolismo/Painel1
Série Histórica de Total em Quantidade e Variação do alcoolismo;Consumo de Álcool;Análise Fevereiro – Alcoolismo;https://public.tableau.com/profile/health.lake#!/vizhome/AnliseFevereiro-Alcoolismo/Painel1
Variação da quantidade total do alcoolismo;Consumo de Álcool;Análise Fevereiro – Alcoolismo;https://public.tableau.com/profile/health.lake#!/vizhome/AnliseFevereiro-Alcoolismo/Painel1
Quantidade de ocorrências por estado relacionadas ao alcoolismo, por tipo de causa;Consumo de Álcool;Análise Fevereiro – Alcoolismo;https://public.tableau.com/profile/health.lake#!/vizhome/AnliseFevereiro-Alcoolismo/Painel1
Sazonalidade por tipo de ocorrência relacionadas ao alcoolismo;Consumo de Álcool;Análise Fevereiro – Alcoolismo;https://public.tableau.com/profile/health.lake#!/vizhome/AnliseFevereiro-Alcoolismo/Painel1
Quantidade de ocorrências por tipo de ocorrência relacionadas ao alcoolismo;Consumo de Álcool;Análise Fevereiro – Alcoolismo;https://public.tableau.com/profile/health.lake#!/vizhome/AnliseFevereiro-Alcoolismo/Painel1
Dados sobre bebida alcoolica no Brasil;Consumo de Álcool;Análise Fevereiro – Alcoolismo;https://public.tableau.com/profile/health.lake#!/vizhome/AnliseFevereiro-Alcoolismo/Painel1
Informações sobre consumo de bebida na pandemia;Consumo de Álcool;Análise Fevereiro – Alcoolismo;https://public.tableau.com/profile/health.lake#!/vizhome/AnliseFevereiro-Alcoolismo/Painel1
Tabela com dados de consumo de alcool;Consumo de Álcool;Análise Fevereiro – Alcoolismo;https://public.tableau.com/profile/health.lake#!/vizhome/AnliseFevereiro-Alcoolismo/Painel1
Relação do alcoolismo com outros problemas durante a pandemia;Consumo de Álcool;Análise Fevereiro – Alcoolismo;https://public.tableau.com/profile/health.lake#!/vizhome/AnliseFevereiro-Alcoolismo/Painel1
Qual é a evolução acumulada de casos de covid confirmados versus a quantidade, ou número de óbitos?;Covid;Casos de COVID-19 no Brasil;https://public.tableau.com/profile/rcsalgueiro#!/vizhome/COVIDLake/Casosconfirmados?publish=yes
Qual é a evolução diária de casos de covid confirmados?;Covid;Casos de COVID-19 no Brasil;https://public.tableau.com/profile/rcsalgueiro#!/vizhome/COVIDLake/Casosconfirmados?publish=yes
Qual é a variação de casos de covid confirmados por dia?;Covid;Casos de COVID-19 no Brasil;https://public.tableau.com/profile/rcsalgueiro#!/vizhome/COVIDLake/Casosconfirmados?publish=yes
Qual é a distribuição de casos de covid confirmados por estado?;Covid;Casos de COVID-19 no Brasil;https://public.tableau.com/profile/rcsalgueiro#!/vizhome/COVIDLake/Casosconfirmados?publish=yes
Quais são os estados com mais casos de covid confirmados?;Covid;Casos de COVID-19 no Brasil;https://public.tableau.com/profile/rcsalgueiro#!/vizhome/COVIDLake/Casosconfirmados?publish=yes
Qual é a evolução de casos de covid confirmados por estado?;Covid;Casos de COVID-19 no Brasil;https://public.tableau.com/profile/rcsalgueiro#!/vizhome/COVIDLake/Casosconfirmados?publish=yes
Qual é a distribuição de casos de covid confirmados por município?;Covid;Casos de COVID-19 no Brasil;https://public.tableau.com/profile/rcsalgueiro#!/vizhome/COVIDLake/Casosconfirmados?publish=yes
Quais são os municípios com mais casos de covid confirmados?;Covid;Casos de COVID-19 no Brasil;https://public.tableau.com/profile/rcsalgueiro#!/vizhome/COVIDLake/Casosconfirmados?publish=yes
Qual é a evolução de casos de covid confirmados por município?;Covid;Casos de COVID-19 no Brasil;https://public.tableau.com/profile/rcsalgueiro#!/vizhome/COVIDLake/Casosconfirmados?publish=yes
Informações sobre COVID-19;Covid;Casos de COVID-19 no Brasil;https://public.tableau.com/profile/rcsalgueiro#!/vizhome/COVIDLake/Casosconfirmados?publish=yes
Dados sobre COVID-19 no Brasil;Covid;Casos de COVID-19 no Brasil;https://public.tableau.com/profile/rcsalgueiro#!/vizhome/COVIDLake/Casosconfirmados?publish=yes
Tabela com dados de COVID no mundo;Covid;Evolução de mortes causadas pelo COVID-19 em 2020;https://public.tableau.com/profile/health.lake#!/vizhome/Covid_16057440996070/VisoGeral?publish=yes
Novos casos de covid por semana;Covid;Evolução de mortes causadas pelo COVID-19 em 2020;https://public.tableau.com/profile/health.lake#!/vizhome/Covid_16057440996070/VisoGeral?publish=yes
Mortes por covid por semana;Covid;Evolução de mortes causadas pelo COVID-19 em 2020;https://public.tableau.com/profile/health.lake#!/vizhome/Covid_16057440996070/VisoGeral?publish=yes
Média de casos de covid por semana;Covid;Evolução de mortes causadas pelo COVID-19 em 2020;https://public.tableau.com/profile/health.lake#!/vizhome/Covid_16057440996070/VisoGeral?publish=yes
Média de mortes por covid por semana;Covid;Evolução de mortes causadas pelo COVID-19 em 2020;https://public.tableau.com/profile/health.lake#!/vizhome/Covid_16057440996070/VisoGeral?publish=yes
Evolução e média de casos de covid por dia;Covid;Evolução de mortes causadas pelo COVID-19 em 2020;https://public.tableau.com/profile/health.lake#!/vizhome/Covid_16057440996070/VisoGeral?publish=yes
Evolução diária de covid, média móvel;Covid;Evolução de mortes causadas pelo COVID-19 em 2020;https://public.tableau.com/profile/health.lake#!/vizhome/Covid_16057440996070/VisoGeral?publish=yes
Acúmulo de casos de covid por país, por dia;Covid;Evolução de mortes causadas pelo COVID-19 em 2020;https://public.tableau.com/profile/health.lake#!/vizhome/Covid_16057440996070/VisoGeral?publish=yes
Evolução de casos de covid por país;Covid;Evolução de mortes causadas pelo COVID-19 em 2020;https://public.tableau.com/profile/health.lake#!/vizhome/Covid_16057440996070/VisoGeral?publish=yes
O que é doação de sangue;Doação de Sangue;Doação de sangue: uma análise da nossa corrente do bem;https://healthlake.com.br/artigos/doacao-de-sangue-uma-analise-da-nossa-corrente-do-bem
Como doar sangue;Doação de Sangue;Doação de sangue: uma análise da nossa corrente do bem;https://healthlake.com.br/artigos/doacao-de-sangue-uma-analise-da-nossa-corrente-do-bem
importância da doação de sangue;Doação de Sangue;Doação de sangue: uma análise da nossa corrente do bem;https://healthlake.com.br/artigos/doacao-de-sangue-uma-analise-da-nossa-corrente-do-bem
dados sobre doação de sangue no Brasil;Doação de Sangue;Doação de sangue: uma análise da nossa corrente do bem;https://healthlake.com.br/artigos/doacao-de-sangue-uma-analise-da-nossa-corrente-do-bem
informações sobre a doação de sangue na pandemia;Doação de Sangue;Doação de sangue: uma análise da nossa corrente do bem;https://healthlake.com.br/artigos/doacao-de-sangue-uma-analise-da-nossa-corrente-do-bem
estoques dos bancos de sangue no Brasil;Doação de Sangue;Doação de sangue: uma análise da nossa corrente do bem;https://healthlake.com.br/artigos/doacao-de-sangue-uma-analise-da-nossa-corrente-do-bem
Parcela mínima da população doa sangue com regularidade no Brasil;Doação de Sangue;Doação de sangue: uma análise da nossa corrente do bem;https://healthlake.com.br/artigos/doacao-de-sangue-uma-analise-da-nossa-corrente-do-bem
estoque médio de bolsas de sangue nos hospitais;Doação de Sangue;Doação de sangue: uma análise da nossa corrente do bem;https://healthlake.com.br/artigos/doacao-de-sangue-uma-analise-da-nossa-corrente-do-bem
qual a quantidade de sangue doado por dia no Brasil;Doação de Sangue;Doação de sangue: uma análise da nossa corrente do bem;https://healthlake.com.br/artigos/doacao-de-sangue-uma-analise-da-nossa-corrente-do-bem
Quais cidades brasileiras tem deficit em estoque de sangue;Doação de Sangue;Doação de sangue: uma análise da nossa corrente do bem;https://healthlake.com.br/artigos/doacao-de-sangue-uma-analise-da-nossa-corrente-do-bem
Dados sobre a periodicidade de doação de sangue dos brasileiros;Doação de Sangue;Doação de sangue: uma análise da nossa corrente do bem;https://healthlake.com.br/artigos/doacao-de-sangue-uma-analise-da-nossa-corrente-do-bem
numero de voluntários que doam sangue;Doação de Sangue;Doação de sangue: uma análise da nossa corrente do bem;https://healthlake.com.br/artigos/doacao-de-sangue-uma-analise-da-nossa-corrente-do-bem
dados históricos dos hemocentros brasileiros;Doação de Sangue;Doação de sangue: uma análise da nossa corrente do bem;https://healthlake.com.br/artigos/doacao-de-sangue-uma-analise-da-nossa-corrente-do-bem
informações sobre os bancos de sangue no Brasil;Doação de Sangue;Doação de sangue: uma análise da nossa corrente do bem;https://healthlake.com.br/artigos/doacao-de-sangue-uma-analise-da-nossa-corrente-do-bem
Número de transfusões de sangue diária;Doação de Sangue;Doação de sangue: uma análise da nossa corrente do bem;https://healthlake.com.br/artigos/doacao-de-sangue-uma-analise-da-nossa-corrente-do-bem
informações dos estoques de sangue dos estados do Brasil;Doação de Sangue;Doação de sangue: uma análise da nossa corrente do bem;https://healthlake.com.br/artigos/doacao-de-sangue-uma-analise-da-nossa-corrente-do-bem
perfil da população doadora de sangue;Doação de Sangue;Doação de sangue: uma análise da nossa corrente do bem;https://healthlake.com.br/artigos/doacao-de-sangue-uma-analise-da-nossa-corrente-do-bem
doação de sangue durante a pandemia;Doação de Sangue;Doação de sangue: uma análise da nossa corrente do bem;https://healthlake.com.br/artigos/doacao-de-sangue-uma-analise-da-nossa-corrente-do-bem
números da falta de sangue nos hemocentros;Doação de Sangue;Doação de sangue: uma análise da nossa corrente do bem;https://healthlake.com.br/artigos/doacao-de-sangue-uma-analise-da-nossa-corrente-do-bem
números de doações e transfusões de sangue anuais;Doação de Sangue;Doação de sangue: uma análise da nossa corrente do bem;https://healthlake.com.br/artigos/doacao-de-sangue-uma-analise-da-nossa-corrente-do-bem
número de pessoas que precisam ser diagnosticadas e tratadas da Hepatite C no Brasil;Hepatite C;Combate à Hepatite C no Brasil: vamos retornar aos trilhos?;https://healthlake.com.br/artigos/-HqCombate%20%c3%a0%20Hepatite%20C%20no%20Brasil
dados sobre hepatite C;Hepatite C;Combate à Hepatite C no Brasil: vamos retornar aos trilhos?;https://healthlake.com.br/artigos/-HqCombate%20%c3%a0%20Hepatite%20C%20no%20Brasil
informações sobre a hepatite c no Brasil;Hepatite C;Combate à Hepatite C no Brasil: vamos retornar aos trilhos?;https://healthlake.com.br/artigos/-HqCombate%20%c3%a0%20Hepatite%20C%20no%20Brasil
dados históricos da hepatite c nos estados brasileiros;Hepatite C;Combate à Hepatite C no Brasil: vamos retornar aos trilhos?;https://healthlake.com.br/artigos/-HqCombate%20%c3%a0%20Hepatite%20C%20no%20Brasil
Vírus C: a Hepatite com maior número de óbitos no Brasil ;Hepatite C;Combate à Hepatite C no Brasil: vamos retornar aos trilhos?;https://healthlake.com.br/artigos/-HqCombate%20%c3%a0%20Hepatite%20C%20no%20Brasil
dados anuais sobre mortes por causas básicas e associadas às hepatites virais;Hepatite C;Combate à Hepatite C no Brasil: vamos retornar aos trilhos?;https://healthlake.com.br/artigos/-HqCombate%20%c3%a0%20Hepatite%20C%20no%20Brasil
Queda no diagnóstico da Hepatite C durante a pandemia ;Hepatite C;Combate à Hepatite C no Brasil: vamos retornar aos trilhos?;https://healthlake.com.br/artigos/-HqCombate%20%c3%a0%20Hepatite%20C%20no%20Brasil
Evolução da Taxa de Detecção de Hepatite C no Brasil;Hepatite C;Combate à Hepatite C no Brasil: vamos retornar aos trilhos?;https://healthlake.com.br/artigos/-HqCombate%20%c3%a0%20Hepatite%20C%20no%20Brasil
informações do perfil brasileiro da hepatite c;Hepatite C;Combate à Hepatite C no Brasil: vamos retornar aos trilhos?;https://healthlake.com.br/artigos/-HqCombate%20%c3%a0%20Hepatite%20C%20no%20Brasil
números da Hepatite C durante a pandemia;Hepatite C;Combate à Hepatite C no Brasil: vamos retornar aos trilhos?;https://healthlake.com.br/artigos/-HqCombate%20%c3%a0%20Hepatite%20C%20no%20Brasil
dados históricos dos brasileiros mortos pela Hepatite C durante a pandemia ;Hepatite C;Combate à Hepatite C no Brasil: vamos retornar aos trilhos?;https://healthlake.com.br/artigos/-HqCombate%20%c3%a0%20Hepatite%20C%20no%20Brasil
tratamento da hepatite c;Hepatite C;Combate à Hepatite C no Brasil: vamos retornar aos trilhos?;https://healthlake.com.br/artigos/-HqCombate%20%c3%a0%20Hepatite%20C%20no%20Brasil
histórico da hepatite c no mundo;Hepatite C;Combate à Hepatite C no Brasil: vamos retornar aos trilhos?;https://healthlake.com.br/artigos/-HqCombate%20%c3%a0%20Hepatite%20C%20no%20Brasil
tendência da hepatite c na saúde do brasileiro;Hepatite C;Combate à Hepatite C no Brasil: vamos retornar aos trilhos?;https://healthlake.com.br/artigos/-HqCombate%20%c3%a0%20Hepatite%20C%20no%20Brasil
tratamento de hepatite no Brasil;Hepatite C;Combate à Hepatite C no Brasil: vamos retornar aos trilhos?;https://healthlake.com.br/artigos/-HqCombate%20%c3%a0%20Hepatite%20C%20no%20Brasil
dados dos tipos de hepatite;Hepatite C;Combate à Hepatite C no Brasil: vamos retornar aos trilhos?;https://healthlake.com.br/artigos/-HqCombate%20%c3%a0%20Hepatite%20C%20no%20Brasil
qual tipo de hepatite é mais letal;Hepatite C;Combate à Hepatite C no Brasil: vamos retornar aos trilhos?;https://healthlake.com.br/artigos/-HqCombate%20%c3%a0%20Hepatite%20C%20no%20Brasil
motes no Brasil causadas por hepatites virais;Hepatite C;Combate à Hepatite C no Brasil: vamos retornar aos trilhos?;https://healthlake.com.br/artigos/-HqCombate%20%c3%a0%20Hepatite%20C%20no%20Brasil
dados da prevenção da hepatite nos estados brasileiros;Hepatite C;Combate à Hepatite C no Brasil: vamos retornar aos trilhos?;https://healthlake.com.br/artigos/-HqCombate%20%c3%a0%20Hepatite%20C%20no%20Brasil
Histórico de campanhas contra hepatite;Hepatite C;Combate à Hepatite C no Brasil: vamos retornar aos trilhos?;https://healthlake.com.br/artigos/-HqCombate%20%c3%a0%20Hepatite%20C%20no%20Brasil
dados do perfil de consumo no Brasil pré, durante e pós pandemia;Perfil de Consumo Brasileiro;Uma visão analítica do perfil de consumo no Brasil pré, durante e pós pandemia;https://healthlake.com.br/artigos/uma-visao-analitica-do-perfil-de-consumo-no-brasil-pre-durante-e-pos-pandemia
informações sobre os brasileiros pré, durante e pós pandemia;Perfil de Consumo Brasileiro;Uma visão analítica do perfil de consumo no Brasil pré, durante e pós pandemia;https://healthlake.com.br/artigos/uma-visao-analitica-do-perfil-de-consumo-no-brasil-pre-durante-e-pos-pandemia
números do perfil do consumidor brasileiro;Perfil de Consumo Brasileiro;Uma visão analítica do perfil de consumo no Brasil pré, durante e pós pandemia;https://healthlake.com.br/artigos/uma-visao-analitica-do-perfil-de-consumo-no-brasil-pre-durante-e-pos-pandemia
como a pandemia impactou o consumo do brasileiro;Perfil de Consumo Brasileiro;Uma visão analítica do perfil de consumo no Brasil pré, durante e pós pandemia;https://healthlake.com.br/artigos/uma-visao-analitica-do-perfil-de-consumo-no-brasil-pre-durante-e-pos-pandemia
Os impactos da crise financeira internacional na economia brasileira no cenário durante e pós-pandemia;Perfil de Consumo Brasileiro;Uma visão analítica do perfil de consumo no Brasil pré, durante e pós pandemia;https://healthlake.com.br/artigos/uma-visao-analitica-do-perfil-de-consumo-no-brasil-pre-durante-e-pos-pandemia
Os índices socioeconômicos do Brasil;Perfil de Consumo Brasileiro;Uma visão analítica do perfil de consumo no Brasil pré, durante e pós pandemia;https://healthlake.com.br/artigos/uma-visao-analitica-do-perfil-de-consumo-no-brasil-pre-durante-e-pos-pandemia
números do poder de compra entre países;Perfil de Consumo Brasileiro;Uma visão analítica do perfil de consumo no Brasil pré, durante e pós pandemia;https://healthlake.com.br/artigos/uma-visao-analitica-do-perfil-de-consumo-no-brasil-pre-durante-e-pos-pandemia
Poder de Compra no Índice Big Mac ;Perfil de Consumo Brasileiro;Uma visão analítica do perfil de consumo no Brasil pré, durante e pós pandemia;https://healthlake.com.br/artigos/uma-visao-analitica-do-perfil-de-consumo-no-brasil-pre-durante-e-pos-pandemia
Índice de Confiança dos Consumidores (ICC) ;Perfil de Consumo Brasileiro;Uma visão analítica do perfil de consumo no Brasil pré, durante e pós pandemia;https://healthlake.com.br/artigos/uma-visao-analitica-do-perfil-de-consumo-no-brasil-pre-durante-e-pos-pandemia
Índice de Expectativas do Consumidor  (IEC);Perfil de Consumo Brasileiro;Uma visão analítica do perfil de consumo no Brasil pré, durante e pós pandemia;https://healthlake.com.br/artigos/uma-visao-analitica-do-perfil-de-consumo-no-brasil-pre-durante-e-pos-pandemia
dados socioeconômicos segundo o plano de fundo da pandemia mundial de Covid-19;Perfil de Consumo Brasileiro;Uma visão analítica do perfil de consumo no Brasil pré, durante e pós pandemia;https://healthlake.com.br/artigos/uma-visao-analitica-do-perfil-de-consumo-no-brasil-pre-durante-e-pos-pandemia
números do crescimento econômico do país e do mundo;Perfil de Consumo Brasileiro;Uma visão analítica do perfil de consumo no Brasil pré, durante e pós pandemia;https://healthlake.com.br/artigos/uma-visao-analitica-do-perfil-de-consumo-no-brasil-pre-durante-e-pos-pandemia
informações sobre decréscimo no consumo na pandemia;Perfil de Consumo Brasileiro;Uma visão analítica do perfil de consumo no Brasil pré, durante e pós pandemia;https://healthlake.com.br/artigos/uma-visao-analitica-do-perfil-de-consumo-no-brasil-pre-durante-e-pos-pandemia
Variação na produção e no volume de vendas durante a pandemia;Perfil de Consumo Brasileiro;Uma visão analítica do perfil de consumo no Brasil pré, durante e pós pandemia;https://healthlake.com.br/artigos/uma-visao-analitica-do-perfil-de-consumo-no-brasil-pre-durante-e-pos-pandemia
dados da confiança empresarial e dos consumidores brasileiros;Perfil de Consumo Brasileiro;Uma visão analítica do perfil de consumo no Brasil pré, durante e pós pandemia;https://healthlake.com.br/artigos/uma-visao-analitica-do-perfil-de-consumo-no-brasil-pre-durante-e-pos-pandemia
índices macroeconômicos brasileiro;Perfil de Consumo Brasileiro;Uma visão analítica do perfil de consumo no Brasil pré, durante e pós pandemia;https://healthlake.com.br/artigos/uma-visao-analitica-do-perfil-de-consumo-no-brasil-pre-durante-e-pos-pandemia
teoria da Paridade do Poder de Compra (PPC) ;Perfil de Consumo Brasileiro;Uma visão analítica do perfil de consumo no Brasil pré, durante e pós pandemia;https://healthlake.com.br/artigos/uma-visao-analitica-do-perfil-de-consumo-no-brasil-pre-durante-e-pos-pandemia
efeitos da pandemia no mercado de trabalho e na saúde dos brasileiros;Perfil de Consumo Brasileiro;Uma visão analítica do perfil de consumo no Brasil pré, durante e pós pandemia;https://healthlake.com.br/artigos/uma-visao-analitica-do-perfil-de-consumo-no-brasil-pre-durante-e-pos-pandemia
regiões de concentração de pessoas sem remuneração;Perfil de Consumo Brasileiro;Uma visão analítica do perfil de consumo no Brasil pré, durante e pós pandemia;https://healthlake.com.br/artigos/uma-visao-analitica-do-perfil-de-consumo-no-brasil-pre-durante-e-pos-pandemia
índices de desemprego ao longo dos anos  ;Perfil de Consumo Brasileiro;Uma visão analítica do perfil de consumo no Brasil pré, durante e pós pandemia;https://healthlake.com.br/artigos/uma-visao-analitica-do-perfil-de-consumo-no-brasil-pre-durante-e-pos-pandemia
eficiência do SUS no controle da pandemia de COVID-19;SUS;Razões da eficiência do SUS no controle da pandemia de COVID-19;https://healthlake.com.br/artigos/razoes-da-eficiencia-do-sus-no-controle-da-pandemia-de-covid-19
Sistema Único de Saúde (SUS);SUS;Razões da eficiência do SUS no controle da pandemia de COVID-19;https://healthlake.com.br/artigos/razoes-da-eficiencia-do-sus-no-controle-da-pandemia-de-covid-19
dados do Sistema Único de Saúde (SUS);SUS;Razões da eficiência do SUS no controle da pandemia de COVID-19;https://healthlake.com.br/artigos/razoes-da-eficiencia-do-sus-no-controle-da-pandemia-de-covid-19
informações sobre o Sistema Único de Saúde (SUS) durante a pandemia;SUS;Razões da eficiência do SUS no controle da pandemia de COVID-19;https://healthlake.com.br/artigos/razoes-da-eficiencia-do-sus-no-controle-da-pandemia-de-covid-19
capilaridade do SUS no país;SUS;Razões da eficiência do SUS no controle da pandemia de COVID-19;https://healthlake.com.br/artigos/razoes-da-eficiencia-do-sus-no-controle-da-pandemia-de-covid-19
variação das medidas restritivas aplicadas pelos países;SUS;Razões da eficiência do SUS no controle da pandemia de COVID-19;https://healthlake.com.br/artigos/razoes-da-eficiencia-do-sus-no-controle-da-pandemia-de-covid-19
dados sobre a flexibilização as medidas de isolamento social e seu impactos;SUS;Razões da eficiência do SUS no controle da pandemia de COVID-19;https://healthlake.com.br/artigos/razoes-da-eficiencia-do-sus-no-controle-da-pandemia-de-covid-19
impacto do SUS na saúde da população brasileira;SUS;Razões da eficiência do SUS no controle da pandemia de COVID-19;https://healthlake.com.br/artigos/razoes-da-eficiencia-do-sus-no-controle-da-pandemia-de-covid-19
Números do alcance do Sistema de Saúde brasileiro;SUS;Razões da eficiência do SUS no controle da pandemia de COVID-19;https://healthlake.com.br/artigos/razoes-da-eficiencia-do-sus-no-controle-da-pandemia-de-covid-19
iniciativas do SUS durante a pandemia;SUS;Razões da eficiência do SUS no controle da pandemia de COVID-19;https://healthlake.com.br/artigos/razoes-da-eficiencia-do-sus-no-controle-da-pandemia-de-covid-19
resultados do SUS na pandemia da COVID19;SUS;Razões da eficiência do SUS no controle da pandemia de COVID-19;https://healthlake.com.br/artigos/razoes-da-eficiencia-do-sus-no-controle-da-pandemia-de-covid-19
dados históricos do SUS no Brasil;SUS;Razões da eficiência do SUS no controle da pandemia de COVID-19;https://healthlake.com.br/artigos/razoes-da-eficiencia-do-sus-no-controle-da-pandemia-de-covid-19
dados sobre a flexibilização as medidas de isolamento social e seu impactos;SUS;Razões da eficiência do SUS no controle da pandemia de COVID-19;https://healthlake.com.br/artigos/razoes-da-eficiencia-do-sus-no-controle-da-pandemia-de-covid-19
impacto do SUS na saúde da população brasileira;SUS;Razões da eficiência do SUS no controle da pandemia de COVID-19;https://healthlake.com.br/artigos/razoes-da-eficiencia-do-sus-no-controle-da-pandemia-de-covid-19
Números do alcance do Sistema de Saúde brasileiro;SUS;Razões da eficiência do SUS no controle da pandemia de COVID-19;https://healthlake.com.br/artigos/razoes-da-eficiencia-do-sus-no-controle-da-pandemia-de-covid-19
iniciativas do SUS durante a pandemia;SUS;Razões da eficiência do SUS no controle da pandemia de COVID-19;https://healthlake.com.br/artigos/razoes-da-eficiencia-do-sus-no-controle-da-pandemia-de-covid-19
resultados do SUS na pandemia da COVID19;SUS;Razões da eficiência do SUS no controle da pandemia de COVID-19;https://healthlake.com.br/artigos/razoes-da-eficiencia-do-sus-no-controle-da-pandemia-de-covid-19
dados históricos do SUS no Brasil;SUS;Razões da eficiência do SUS no controle da pandemia de COVID-19;https://healthlake.com.br/artigos/razoes-da-eficiencia-do-sus-no-controle-da-pandemia-de-covid-19
resultados do Sistema de Saúde na pandemia da COVID19;SUS;Razões da eficiência do SUS no controle da pandemia de COVID-19;https://healthlake.com.br/artigos/razoes-da-eficiencia-do-sus-no-controle-da-pandemia-de-covid-19
dados históricos do Sistema de Saúde no Brasil;SUS;Razões da eficiência do SUS no controle da pandemia de COVID-19;https://healthlake.com.br/artigos/razoes-da-eficiencia-do-sus-no-controle-da-pandemia-de-covid-19
tratamentos oncológicos no Brasil;Tratamentos Oncológicos;Os Danos Silenciosos da COVID-19;https://healthlake.com.br/artigos/os-danos-silenciosos-da-covid-19
possíveis deficiências nos tratamentos oncológicos;Tratamentos Oncológicos;Os Danos Silenciosos da COVID-19;https://healthlake.com.br/artigos/os-danos-silenciosos-da-covid-19
números de tratamentos oncológicos;Tratamentos Oncológicos;Os Danos Silenciosos da COVID-19;https://healthlake.com.br/artigos/os-danos-silenciosos-da-covid-19
dados públicos dos pacientes oncológicos do Sistema Único de Saúde;Tratamentos Oncológicos;Os Danos Silenciosos da COVID-19;https://healthlake.com.br/artigos/os-danos-silenciosos-da-covid-19
Painel de Oncologia do Brasil;Tratamentos Oncológicos;Os Danos Silenciosos da COVID-19;https://healthlake.com.br/artigos/os-danos-silenciosos-da-covid-19
informações relacionadas ao tratamento de doenças oncológicas;Tratamentos Oncológicos;Os Danos Silenciosos da COVID-19;https://healthlake.com.br/artigos/os-danos-silenciosos-da-covid-19
número de diagnósticos de doenças oncológicas;Tratamentos Oncológicos;Os Danos Silenciosos da COVID-19;https://healthlake.com.br/artigos/os-danos-silenciosos-da-covid-19
números de tratamentos, tanto de Quimioterapia, quanto de Radioterapia;Tratamentos Oncológicos;Os Danos Silenciosos da COVID-19;https://healthlake.com.br/artigos/os-danos-silenciosos-da-covid-19
tratamento do câncer;Tratamentos Oncológicos;Os Danos Silenciosos da COVID-19;https://healthlake.com.br/artigos/os-danos-silenciosos-da-covid-19
doenças oncológicas na sua grande maioria são silenciosas;Tratamentos Oncológicos;Os Danos Silenciosos da COVID-19;https://healthlake.com.br/artigos/os-danos-silenciosos-da-covid-19
Situação das doenças oncológicas durante a pandemia;Tratamentos Oncológicos;Os Danos Silenciosos da COVID-19;https://healthlake.com.br/artigos/os-danos-silenciosos-da-covid-19
Tabela com dados sobre o câncer;Tratamentos Oncológicos;Os Danos Silenciosos da COVID-19;https://healthlake.com.br/artigos/os-danos-silenciosos-da-covid-19
Informações sobre pacientes com câncer;Tratamentos Oncológicos;Os Danos Silenciosos da COVID-19;https://healthlake.com.br/artigos/os-danos-silenciosos-da-covid-19
Dados sobre oncologia antes, durante e depois da pandemia;Tratamentos Oncológicos;Os Danos Silenciosos da COVID-19;https://healthlake.com.br/artigos/os-danos-silenciosos-da-covid-19
informações sobre tratamento oncológico no SUS;Tratamentos Oncológicos;Os Danos Silenciosos da COVID-19;https://healthlake.com.br/artigos/os-danos-silenciosos-da-covid-19
dados históricos sobre Tratamentos Oncológicos;Tratamentos Oncológicos;Os Danos Silenciosos da COVID-19;https://healthlake.com.br/artigos/os-danos-silenciosos-da-covid-19
números dos beneficios do Tratamentos Oncológicos precoce;Tratamentos Oncológicos;Os Danos Silenciosos da COVID-19;https://healthlake.com.br/artigos/os-danos-silenciosos-da-covid-19
dados da luta contra o cancer na pandemia;Tratamentos Oncológicos;Os Danos Silenciosos da COVID-19;https://healthlake.com.br/artigos/os-danos-silenciosos-da-covid-19
Tratamentos Oncológicos estatisticas;Tratamentos Oncológicos;Os Danos Silenciosos da COVID-19;https://healthlake.com.br/artigos/os-danos-silenciosos-da-covid-19
Doenças Oncológicos números;Tratamentos Oncológicos;Os Danos Silenciosos da COVID-19;https://healthlake.com.br/artigos/os-danos-silenciosos-da-covid-19
Lei Maria da Penha, n. 11.340, de 7 de agosto de 2006;Violência Contra Mulher;Violência Doméstica em Tempos de Pandemia Violência Contra Mulheres;https://healthlake.com.br/artigos/violencia-domestica-em-tempos-de-pandemia-violencia-contra-mulheres
cinco tipos de violência doméstica e familiar contra a mulher: física, psicológica, moral, sexual e patrimonial;Violência Contra Mulher;Violência Doméstica em Tempos de Pandemia Violência Contra Mulheres;https://healthlake.com.br/artigos/violencia-domestica-em-tempos-de-pandemia-violencia-contra-mulheres
denúncia que garantam a segurança da mulher;Violência Contra Mulher;Violência Doméstica em Tempos de Pandemia Violência Contra Mulheres;https://healthlake.com.br/artigos/violencia-domestica-em-tempos-de-pandemia-violencia-contra-mulheres
tipos de violência e localidades que tiveram aumento expressivo na violência doméstica;Violência Contra Mulher;Violência Doméstica em Tempos de Pandemia Violência Contra Mulheres;https://healthlake.com.br/artigos/violencia-domestica-em-tempos-de-pandemia-violencia-contra-mulheres
vitimização das mulheres em âmbito nacional;Violência Contra Mulher;Violência Doméstica em Tempos de Pandemia Violência Contra Mulheres;https://healthlake.com.br/artigos/violencia-domestica-em-tempos-de-pandemia-violencia-contra-mulheres
dados do Fórum Brasileiro de Segurança Pública;Violência Contra Mulher;Violência Doméstica em Tempos de Pandemia Violência Contra Mulheres;https://healthlake.com.br/artigos/violencia-domestica-em-tempos-de-pandemia-violencia-contra-mulheres
óbitos de mulheres causados por agressão;Violência Contra Mulher;Violência Doméstica em Tempos de Pandemia Violência Contra Mulheres;https://healthlake.com.br/artigos/violencia-domestica-em-tempos-de-pandemia-violencia-contra-mulheres
a quantidade de estupro, lesão corporal dolosa e ameaça com tipificação de violência doméstica;Violência Contra Mulher;Violência Doméstica em Tempos de Pandemia Violência Contra Mulheres;https://healthlake.com.br/artigos/violencia-domestica-em-tempos-de-pandemia-violencia-contra-mulheres
Dados sobre violência doméstica;Violência Contra Mulher;Violência Doméstica em Tempos de Pandemia Violência Contra Mulheres;https://healthlake.com.br/artigos/violencia-domestica-em-tempos-de-pandemia-violencia-contra-mulheres
Informações de violência contra a mulher;Violência Contra Mulher;Violência Doméstica em Tempos de Pandemia Violência Contra Mulheres;https://healthlake.com.br/artigos/violencia-domestica-em-tempos-de-pandemia-violencia-contra-mulheres
Tabela com dados da violencia contra a mulher;Violência Contra Mulher;Violência Doméstica em Tempos de Pandemia Violência Contra Mulheres;https://healthlake.com.br/artigos/violencia-domestica-em-tempos-de-pandemia-violencia-contra-mulheres
Violência contra a mulher na pandemia;Violência Contra Mulher;Violência Doméstica em Tempos de Pandemia Violência Contra Mulheres;https://healthlake.com.br/artigos/violencia-domestica-em-tempos-de-pandemia-violencia-contra-mulheres
Dados de agressões contra a mulher no Brasil;Violência Contra Mulher;Violência Doméstica em Tempos de Pandemia Violência Contra Mulheres;https://healthlake.com.br/artigos/violencia-domestica-em-tempos-de-pandemia-violencia-contra-mulheres
Aumento da violência domestica durante a pandemia;Violência Contra Mulher;Violência Doméstica em Tempos de Pandemia Violência Contra Mulheres;https://healthlake.com.br/artigos/violencia-domestica-em-tempos-de-pandemia-violencia-contra-mulheres
Números dos maus tratos conta as mulheres;Violência Contra Mulher;Violência Doméstica em Tempos de Pandemia Violência Contra Mulheres;https://healthlake.com.br/artigos/violencia-domestica-em-tempos-de-pandemia-violencia-contra-mulheres
informações sobre agressão a pessoas do sexo feminino;Violência Contra Mulher;Violência Doméstica em Tempos de Pandemia Violência Contra Mulheres;https://healthlake.com.br/artigos/violencia-domestica-em-tempos-de-pandemia-violencia-contra-mulheres
dados de agressão a mulher na pandemia;Violência Contra Mulher;Violência Doméstica em Tempos de Pandemia Violência Contra Mulheres;https://healthlake.com.br/artigos/violencia-domestica-em-tempos-de-pandemia-violencia-contra-mulheres
dados históricos sobre feminicidio;Violência Contra Mulher;Violência Doméstica em Tempos de Pandemia Violência Contra Mulheres;https://healthlake.com.br/artigos/violencia-domestica-em-tempos-de-pandemia-violencia-contra-mulheres
números de denúncias durante a pandemia de agressões;Violência Contra Mulher;Violência Doméstica em Tempos de Pandemia Violência Contra Mulheres;https://healthlake.com.br/artigos/violencia-domestica-em-tempos-de-pandemia-violencia-contra-mulheres
dados históricos sobre violencia domestica;Violência Contra Mulher;Violência Doméstica em Tempos de Pandemia Violência Contra Mulheres;https://healthlake.com.br/artigos/violencia-domestica-em-tempos-de-pandemia-violencia-contra-mulheres
